Customer_ID,Recency,Frequency,Monetary
C1001,109,6,168805.69
C1002,66,9,566199.51
C1003,23,13,992371.47
C1004,6,6,320480.43
C1005,84,12,1025855.58
C1006,12,9,461866.06
C1007,95,9,809072.28
C1008,38,14,1104677.83
C1009,145,2,208269.06
C1010,78,8,659815.34
C1011,55,8,615148.99
C1012,1,11,1146055.83
C1013,126,15,879624.47
C1014,30,9,579254.79
C1015,44,2,117263.9
C1016,40,8,588386.11
C1017,62,13,910695.52
C1018,48,8,490501.56999999995
C1019,85,12,657611.5
C1020,47,10,434229.44
C1021,22,13,1212100.68
C1022,11,12,769368.3
C1023,19,6,412525.2
C1024,141,6,360637.16000000003
C1025,66,15,820555.0900000001
C1026,272,6,446995.23
C1027,23,5,284929.68
C1028,80,13,758209.64
C1029,39,8,722661.95
C1030,39,13,779144.39
C1031,190,7,311089.96
C1032,17,9,611099.11
C1033,216,2,162283.62999999998
C1034,55,4,143608.8
C1035,174,8,1080545.37
C1036,28,7,363784.88
C1037,47,7,321223.48
C1038,8,12,1156494.25
C1039,26,11,771248.66
C1040,15,9,681361.28
C1041,30,11,815119.2
C1042,89,9,509470.57
C1043,62,11,412651.52
C1044,150,10,737034.72
C1045,55,10,706226.36
C1046,27,8,694398.53
C1047,2,14,673700.86
C1048,30,13,959795.47
C1049,26,16,745661.0499999999
C1050,56,10,807737.99
C1051,47,8,555301.05
C1052,17,7,531405.4
C1053,64,9,803786.9099999999
C1054,103,9,601827.63
C1055,25,9,497465.1
C1056,83,9,622642.3
C1057,107,8,635786.25
C1058,43,10,467881.7
C1059,3,18,1138165.77
C1060,19,9,669944.53
C1061,42,14,462284.87
C1062,98,11,715569.35
C1063,89,13,1469535.45
C1064,121,8,487454.47
C1065,47,11,480146.54
C1066,14,8,321355.57
C1067,29,7,741414.42
C1068,8,12,810810.3
C1069,10,11,718889.81
C1070,6,11,940488.8999999999
C1071,54,8,392379.08
C1072,110,13,987379.14
C1073,100,15,898764.05
C1074,30,10,782265.6
C1075,14,10,564759.13
C1076,60,15,1219970.33
C1077,267,7,538137.02
C1078,21,6,192236.5
C1079,18,10,598623.9099999999
C1080,83,2,150713.08
C1081,43,6,277963.52
C1082,28,11,629349.47
C1083,57,10,472098.14
C1084,42,15,1107216.07
C1085,18,6,354160.55
C1086,103,12,559072.13
C1087,17,9,705216.98
C1088,76,6,465238.79000000004
C1089,18,9,641453.74
C1090,1,14,1144027.76
C1091,52,8,586382.05
C1092,59,8,554400.16
C1093,19,13,657126.03
C1094,48,11,645894.5700000001
C1095,57,5,253532.78
C1096,72,11,541495.3
C1097,220,6,320893.74
C1098,79,10,563044.57
C1099,10,9,628547.29
C1100,28,10,805952.69
C1101,15,14,764424.34
C1102,28,14,843095.72
C1103,24,8,251528.69
C1104,40,14,1135037.65
C1105,75,6,334266.60000000003
C1106,1,11,692462.5
C1107,50,11,762902.5
C1108,2,12,633070.97
C1109,141,14,965599.84
C1110,3,8,355607.12
C1111,13,11,858788.66
C1112,34,12,1058120.26
C1113,24,14,804302.25
C1114,25,9,763606.55
C1115,81,4,604146.46
C1116,6,15,1004588.14
C1117,1,10,654407.16
C1118,5,16,847195.4600000001
C1119,25,10,581650.86
C1120,68,9,426812.85
C1121,144,8,501095.68
C1122,30,8,307660.28
C1123,78,4,209419.7
C1124,16,12,879037.68
C1125,141,12,861594.58
C1126,170,10,700214.89
C1127,95,13,1027231.52
C1128,48,11,769462.71
C1129,29,11,764044.9
C1130,7,8,334142.42
C1131,136,5,221163.18
C1132,21,11,562498.35
C1133,40,8,504177.83
C1134,86,7,636855.27
C1135,59,4,222374.14
C1136,36,11,646652.7100000001
C1137,24,11,636760.74
C1138,17,15,1068127.73
C1139,26,14,1269407.18
C1140,26,8,450013.33
C1141,15,16,1110165.03
C1142,21,9,507900.73
C1143,4,14,967643.3300000001
C1144,3,8,489360.1
C1145,167,7,732743.9
C1146,23,14,976305.85
C1147,41,14,1185171.19
C1148,9,11,558398.5
C1149,58,18,1753215.35
C1150,31,11,696046.7000000001
C1151,173,8,440360.07
C1152,3,9,452265.01
C1153,23,9,517848.46
C1154,49,16,1213366.9
C1155,25,8,459050.11
C1156,1,15,1143428.05
C1157,67,7,595133.96
C1158,65,10,1050969.8699999999
C1159,317,6,342859.06
C1160,76,12,685130.72
C1161,43,11,685598.38
C1162,91,13,660051.11
C1163,104,13,1218728.05
C1164,19,15,855141.17
C1165,51,7,531646.22
C1166,59,12,572643.12
C1167,104,10,639643.88
C1168,145,6,863173.53
C1169,29,9,494831.69
C1170,200,7,385376.22
C1171,84,10,1126926.93
C1172,23,5,287289.21
C1173,21,15,1343151.7
C1174,182,7,344796.31
C1175,8,14,525298.39
C1176,24,9,428361.35
C1177,42,8,524524.39
C1178,19,9,696318.12
C1179,5,7,751849.0700000001
C1180,80,7,341743.83
C1181,15,12,841800.54
C1182,109,11,783056.57
C1183,21,13,595091.76
C1184,9,12,628232.34
C1185,44,4,368560.52
C1186,14,8,546029.05
C1187,6,12,554366.9
C1188,2,18,1117171.87
C1189,57,8,740651.38
C1190,79,13,1115758.95
C1191,80,12,738276.3200000001
C1192,34,15,825779.07
C1193,134,6,233802.87
C1194,1,6,523321.28
C1195,6,7,439604.61
C1196,9,11,1230801.2
C1197,32,8,1016467.14
C1198,130,7,714832.61
C1199,12,5,164648.45
C1200,97,6,258264.16
C1201,10,12,764319.37
C1202,13,12,1109943.29
C1203,47,10,817175.11
C1204,57,8,576758.6900000001
C1205,100,7,241684.97
C1206,46,10,814833.18
C1207,32,10,864925.5
C1208,49,13,856347.09
C1209,56,11,966440.04
C1210,3,10,845910.22
C1211,19,9,648701.4199999999
C1212,69,5,426211.18000000005
C1213,11,14,579436.5
C1214,12,20,1537978.66
C1215,51,9,706481.2
C1216,17,10,846082.34
C1217,41,7,415160.04
C1218,52,10,666224.42
C1219,86,8,456553.66
C1220,74,11,713241.48
C1221,19,13,1388021.28
C1222,82,10,749416.16
C1223,4,9,703005.72
C1224,103,10,521022.83
C1225,69,6,421065.83
C1226,107,9,523258.61
C1227,36,12,656094.57
C1228,62,11,699309.22
C1229,35,8,408341.07
C1230,123,9,409623.2
C1231,145,7,587925.66
C1232,49,10,608499.3300000001
C1233,10,10,568078.06
C1234,216,7,580645.62
C1235,2,9,864630.73
C1236,69,4,214032.97
C1237,45,15,921517.63
C1238,56,7,467811.98
C1239,31,15,1018216.44
C1240,64,5,281747.88
C1241,8,11,516352.43
C1242,3,12,1041126.47
C1243,80,4,291227.45
C1244,226,4,368251.89
C1245,7,10,329952.81
C1246,34,13,523120.64
C1247,60,13,832808.09
C1248,32,13,1008176.54
C1249,162,7,326158.02
C1250,13,9,594784.8
C1251,112,9,683361.34
C1252,28,9,522838.1
C1253,77,6,635527.5
C1254,111,9,700351.8
C1255,37,7,354424.72000000003
C1256,25,14,743068.73
C1257,40,4,430729.54000000004
C1258,103,12,1025769.8300000001
C1259,54,6,303104.37
C1260,8,15,818235.66
C1261,145,5,289877.52999999997
C1262,4,9,409661.79000000004
C1263,51,7,591548.9299999999
C1264,8,14,748087.99
C1265,100,9,375231.39
C1266,23,10,855097.04
C1267,11,10,575683.73
C1268,9,12,642019.63
C1269,59,14,777765.4500000001
C1270,17,8,531302.09
C1271,32,16,1418917.17
C1272,3,9,312233.97
C1273,10,15,1362173.96
C1274,144,5,446817.19999999995
C1275,4,10,623231.08
C1276,115,8,464825.32
C1277,26,14,811477.04
C1278,11,11,606352.59
C1279,6,10,861923.71
C1280,78,8,401748.69
C1281,50,10,616322.26
C1282,1,11,778036.48
C1283,25,14,1080741.3
C1284,69,10,665443.32
C1285,26,7,582360.1699999999
C1286,45,7,383799.92
C1287,38,10,973918.29
C1288,13,14,1068496.34
C1289,91,8,508772.98
C1290,31,12,613101.06
C1291,59,11,1036228.54
C1292,68,11,583114.99
C1293,6,10,283325.26
C1294,7,9,883068.7
C1295,120,11,1166381.06
C1296,50,8,541079.33
C1297,516,3,94229.23
C1298,81,6,339041.77999999997
C1299,56,6,553638.63
C1300,10,5,317621.13
C1301,70,7,499828.82999999996
C1302,142,13,952400.63
C1303,9,12,813513.77
C1304,250,10,528424.8300000001
C1305,20,11,754932.47
C1306,95,3,101327.20999999999
C1307,186,8,550829.6900000001
C1308,10,11,570413.04
C1309,33,6,471401.12
C1310,103,16,1189365.56
C1311,30,9,752120.97
C1312,28,7,750604.02
C1313,74,19,1189536.86
C1314,66,16,878900.38
C1315,78,9,603265.14
C1316,77,10,1217241.94
C1317,84,6,333915.36
C1318,3,11,564277.97
C1319,62,8,563145.84
C1320,56,11,596125.54
C1321,41,15,1058620.92
C1322,16,7,256765.06
C1323,69,10,682673.5
C1324,105,11,806425.69
C1325,5,12,715761.04
C1326,160,8,736970.08
C1327,46,8,305406.53
C1328,17,8,926280.3200000001
C1329,194,7,236092.35
C1330,234,5,237468.96
C1331,90,12,757513.12
C1332,74,9,474467.32
C1333,202,9,648438.25
C1334,54,7,463274.9
C1335,18,6,292569.20999999996
C1336,12,11,699022.6
C1337,2,15,1106288.8199999998
C1338,6,13,960163.33
C1339,123,10,652895.16
C1340,36,10,664869.1799999999
C1341,12,11,677933.95
C1342,34,8,462688.42
C1343,8,13,875830.83
C1344,97,11,714282.04
C1345,25,12,589691.36
C1346,39,7,543968.23
C1347,12,8,910254.09
C1348,13,6,598841.54
C1349,345,9,458884.72
C1350,61,9,598804.06
C1351,28,8,570919.05
C1352,355,8,369385.05
C1353,114,6,558731.94
C1354,20,13,767750.1900000001
C1355,23,12,884898.45
C1356,40,9,401737.56
C1357,135,9,603463.4
C1358,18,7,292568.72000000003
C1359,17,8,581599.53
C1360,128,13,762354.7
C1361,13,9,633409.93
C1362,71,8,737355.3
C1363,14,9,703339.97
C1364,29,17,987066.09
C1365,11,10,596823.06
C1366,54,10,472901.44
C1367,10,8,414660.45
C1368,94,10,612158.3
C1369,7,14,1391257.82
C1370,122,7,928964.95
C1371,2,12,824680.36
C1372,26,8,480230.53
C1373,3,4,154416.42
C1374,62,7,474637.31999999995
C1375,88,15,1041409.64
C1376,34,16,736073.73
C1377,56,8,553636.4299999999
C1378,30,14,1101638.57
C1379,160,13,910610.27
C1380,36,11,788259.57
C1381,54,12,832928.78
C1382,84,9,616955.11
C1383,106,10,487338.98
C1384,17,10,460896.04
C1385,72,11,885601.1799999999
C1386,49,6,324629.1
C1387,43,16,993785.84
C1388,52,12,684693.91
C1389,90,8,421781.57
C1390,11,15,672181.92
C1391,24,10,584545.6599999999
C1392,65,9,720615.5800000001
C1393,150,12,588309.5
C1394,28,7,364233.46
C1395,109,9,800894.56
C1396,29,3,150161.12
C1397,58,12,709567.12
C1398,63,5,478712.43
C1399,2,16,1011888.42
C1400,44,14,1389189.73
C1401,20,15,727267.03
C1402,50,5,237123.01
C1403,41,15,950706.3
C1404,55,8,1027124.99
C1405,69,19,1004507.96
C1406,81,12,1204733.92
C1407,34,11,619829.38
C1408,109,12,377798.5
C1409,115,10,694483.23
C1410,40,2,57197.369999999995
C1411,3,10,745575.9199999999
C1412,126,13,677475.5
C1413,18,13,1048269.1
C1414,14,14,815315.36
C1415,106,7,529062.14
C1416,28,11,506060.53
C1417,140,12,826057.9
C1418,122,9,476681.98
C1419,76,12,1083318.56
C1420,38,13,872941.29
C1421,16,11,741006.06
C1422,12,10,994286.85
C1423,87,9,575225.5
C1424,4,16,933103.8
C1425,2,18,1314435.1300000001
C1426,114,13,646991.77
C1427,1,8,998587.12
C1428,28,13,766971.99
C1429,64,9,532636.79
C1430,111,10,759327.94
C1431,103,12,862738.0599999999
C1432,36,13,745521.49
C1433,92,13,1015086.21
C1434,23,13,1057576.93
C1435,42,12,458370.3
C1436,17,11,742105.39
C1437,437,7,819025.75
C1438,5,11,1424851.06
C1439,61,10,734577.66
C1440,54,7,482408.78
C1441,14,9,668097.5
C1442,10,8,449176.31
C1443,71,11,447546.7
C1444,14,9,698637.96
C1445,19,10,821599.11
C1446,49,10,575216.38
C1447,90,11,748151.52
C1448,81,8,530158.27
C1449,15,8,668169.9199999999
C1450,30,17,847783.49
C1451,32,15,884263.43
C1452,62,13,906948.81
C1453,7,9,629916.02
C1454,39,11,816566.1900000001
C1455,48,7,419356.49
C1456,41,13,775693.4500000001
C1457,136,9,636908.53
C1458,115,7,427827.07
C1459,38,9,415675.57
C1460,13,8,787750.03
C1461,66,10,885170.4
C1462,22,14,965116.83
C1463,122,10,713475.58
C1464,10,7,334776.5
C1465,84,12,964102.9400000001
C1466,48,9,596821.67
C1467,43,8,591308.8200000001
C1468,47,12,886071.78
C1469,20,9,373135.15
C1470,188,7,341839.31
C1471,89,17,1055526.47
C1472,68,8,368168.29
C1473,5,7,401878.13999999996
C1474,41,11,849551.0199999999
C1475,167,8,644261.8
C1476,18,15,1088362.19
C1477,36,7,562208.38
C1478,25,6,208766.5
C1479,87,8,515711.52
C1480,13,13,951065.17
C1481,26,13,689298.28
C1482,76,9,548059.66
C1483,43,14,891332.35
C1484,10,5,317762.16000000003
C1485,10,10,449393.41
C1486,45,9,525091.7000000001
C1487,53,8,776292.25
C1488,19,9,567742.7
C1489,185,11,650505.23
C1490,6,14,807709.1699999999
C1491,18,6,576434.73
C1492,10,8,549607.4500000001
C1493,37,10,940574.92
C1494,37,14,1280627.67
C1495,16,10,494998.19
C1496,211,7,272110.99
C1497,131,8,416671.8
C1498,119,5,175560.11000000002
C1499,3,15,946859.97
C1500,5,15,836209.38
